<?xml version="1.0" encoding="UTF-8"?>
<project xmlns="http://maven.apache.org/POM/4.0.0" xmlns:xsi="http://www.w3.org/2001/XMLSchema-instance" xsi:schemaLocation="http://maven.apache.org/POM/4.0.0 http://maven.apache.org/maven-v4_0_0.xsd">
  <modelVersion>4.0.0</modelVersion>
  <groupId>com.aig.lnr.cache</groupId>
  <artifactId>cachesdk</artifactId>
  <name>CacheSDK</name>
  <version>1.0</version>
  <description>Provides cache services to applications.</description>
  <build>
    <plugins>
      <plugin>
        <artifactId>maven-compiler-plugin</artifactId>
        <version>3.8.0</version>
        <configuration>
          <source>11</source>
          <target>11</target>
          <compilerVersion>11</compilerVersion>
        </configuration>
      </plugin>
      <plugin>
        <artifactId>maven-shade-plugin</artifactId>
        <version>3.2.4</version>
        <executions>
          <execution>
            <phase>package</phase>
            <goals>
              <goal>shade</goal>
            </goals>
            <configuration>
              <minimizeJar>false</minimizeJar>
              <filters>
                <filter>
                  <artifact>*:*</artifact>
                  <excludes>
                    <exclude>META-INF/*.SF</exclude>
                    <exclude>META-INF/*.DSA</exclude>
                    <exclude>META-INF/*.RSA</exclude>
                  </excludes>
                </filter>
              </filters>
            </configuration>
          </execution>
        </executions>
      </plugin>
    </plugins>
  </build>
  <profiles>
    <profile>
      <id>coverage</id>
      <build>
        <plugins>
          <plugin>
            <artifactId>maven-surefire-plugin</artifactId>
            <version>3.0.0-M5</version>
            <executions>
              <execution>
                <id>default-test</id>
                <phase>test</phase>
                <goals>
                  <goal>test</goal>
                </goals>
                <configuration>
                  <argLine>-Xmx1024m ${jacoco.agent.ut.arg}</argLine>
                  <properties>
                    <property>
                      <name>listener</name>
                      <value>org.sonar.java.jacoco.JUnitListener</value>
                    </property>
                  </properties>
                  <testFailureIgnore>true</testFailureIgnore>
                </configuration>
              </execution>
            </executions>
            <configuration>
              <argLine>-Xmx1024m ${jacoco.agent.ut.arg}</argLine>
              <properties>
                <property>
                  <name>listener</name>
                  <value>org.sonar.java.jacoco.JUnitListener</value>
                </property>
              </properties>
              <testFailureIgnore>true</testFailureIgnore>
            </configuration>
          </plugin>
          <plugin>
            <artifactId>maven-failsafe-plugin</artifactId>
            <version>3.0.0-M5</version>
            <configuration>
              <argLine>-Xmx1024m ${jacoco.agent.it.arg}</argLine>
              <properties>
                <property>
                  <name>listener</name>
                  <value>org.sonar.java.jacoco.JUnitListener</value>
                </property>
              </properties>
              <reportsDirectory>C:\Users\mtan\workspaceaws\5962-dbp-cachesdk-shared-lib\cachesdk-jar\target/surefire-reports</reportsDirectory>
            </configuration>
          </plugin>
          <plugin>
            <groupId>org.jacoco</groupId>
            <artifactId>jacoco-maven-plugin</artifactId>
            <version>0.8.4</version>
            <executions>
              <execution>
                <id>prepare-ut-agent</id>
                <phase>process-test-classes</phase>
                <goals>
                  <goal>prepare-agent</goal>
                </goals>
                <configuration>
                  <destFile>C:\Users\mtan\workspaceaws\5962-dbp-cachesdk-shared-lib\cachesdk-jar\target/jacoco-ut.exec</destFile>
                  <propertyName>jacoco.agent.ut.arg</propertyName>
                  <append>true</append>
                </configuration>
              </execution>
            </executions>
          </plugin>
        </plugins>
      </build>
      <dependencies>
        <dependency>
          <groupId>org.codehaus.sonar-plugins.java</groupId>
          <artifactId>sonar-jacoco-listeners</artifactId>
          <version>3.2</version>
          <scope>test</scope>
        </dependency>
      </dependencies>
    </profile>
  </profiles>
  <repositories>
    <repository>
      <snapshots />
      <id>central</id>
      <name>java-libs-dev</name>
      <url>http://artifactory-am2.devops.aig.net/artifactory/java-libs-dev</url>
    </repository>
    <repository>
      <snapshots />
      <id>snapshots</id>
      <name>java-libs-dev</name>
      <url>http://artifactory-am2.devops.aig.net/artifactory/java-libs-dev</url>
    </repository>
    <repository>
      <id>spring-releases</id>
      <url>https://repo.spring.io/libs-release</url>
    </repository>
  </repositories>
  <dependencies>
    <dependency>
      <groupId>org.slf4j</groupId>
      <artifactId>slf4j-simple</artifactId>
      <version>1.7.30</version>
      <scope>test</scope>
    </dependency>
    <dependency>
      <groupId>junit</groupId>
      <artifactId>junit</artifactId>
      <version>4.12</version>
      <scope>test</scope>
      <exclusions>
        <exclusion>
          <artifactId>hamcrest-core</artifactId>
          <groupId>org.hamcrest</groupId>
        </exclusion>
      </exclusions>
    </dependency>
    <dependency>
      <groupId>org.mockito</groupId>
      <artifactId>mockito-core</artifactId>
      <version>2.10.0</version>
      <scope>test</scope>
      <exclusions>
        <exclusion>
          <artifactId>byte-buddy-agent</artifactId>
          <groupId>net.bytebuddy</groupId>
        </exclusion>
        <exclusion>
          <artifactId>objenesis</artifactId>
          <groupId>org.objenesis</groupId>
        </exclusion>
      </exclusions>
    </dependency>
    <dependency>
      <groupId>org.codehaus.sonar-plugins.java</groupId>
      <artifactId>sonar-jacoco-listeners</artifactId>
      <version>3.2</version>
      <scope>test</scope>
    </dependency>
  </dependencies>
  <properties>
    <java.version>11</java.version>
    <sonar-jacoco-listeners.version>3.2</sonar-jacoco-listeners.version>
    <sonar.jacoco.reportPath>${jacoco.outputDir}/${jacoco.out.ut.file}</sonar.jacoco.reportPath>
    <jacoco.outputDir>${project.build.directory}</jacoco.outputDir>
    <project.build.sourceEncoding>UTF-8</project.build.sourceEncoding>
    <slf4jVersion>1.7.30</slf4jVersion>
    <jacoco.out.ut.file>jacoco-ut.exec</jacoco.out.ut.file>
    <jacoco.version>0.8.4</jacoco.version>
    <project.reporting.outputEncoding>UTF-8</project.reporting.outputEncoding>
  </properties>
</project>
